<?xml version="1.0" encoding="UTF-8"?>
<arboles>

	<acer_monspessulanum>
		<nombre>Arce de Montpellier, Arce menor</nombre>
 		<vegetacion>Caducifolio</vegetacion>
 		<altura>De 6 a 10 metros</altura>
 		<forma_estructura>Copa esférica. Tronco principal recto con bifurcaciones.
Ramaje colgante</forma_estructura>
 		<color>Haz verde brillante, envés verde blanquecino</color>
 		<resistencia_a_heladas>Heladas fuertes (hasta -15ºC)</resistencia_a_heladas>
	</acer_monspessulanum>
	
	<Olea_europea>
		<nombre_comun>Olivo</nombre_comun>
    <vegetacion>Perenne</vegetacion>
    <altura>De 8 a 15 metros</altura>
    <forma_estructura>Copa irregular. Tronco principal irregular con bifurcaciones. Ramaje turtuoso</forma_estructura>
    <color_primavera>Haz verde oscuro, envés verde plateado</color_primavera>
    <resistencia>Heladas medias (hasta -10ºC)</resistencia>
 		
	</Olea_europea>
	
	<Platanus_orientalis>
		 <nombre_comun>Plátano</nombre_comun>
    <vegetacion>Caducifolio</vegetacion>
    <altura>De 20 a 25 metros</altura>
    <forma_estructura>Copa ovoidal. Tronco principal recto. Ramaje expandido</forma_estructura>
    <color_primavera>Haz verde medio, envés verde claro</color_primavera>
    <color_otonio>Ocre</color_otonio>
    <resistencia>Heladas fuertes (hasta -20ºC)</resistencia>
 		
	</Platanus_orientalis>
	 <quercus_ilex>
    <nombre_comun>Encina</nombre_comun>
    <vegetacion>Perenne</vegetacion>
    <altura>En torno a 25 metros</altura>
    <forma_estructura>Copa esférica o elíptica irregular. Tronco principal recto. Ramaje tortuoso</forma_estructura>
    <color_primavera>Plateado en hojas jóvenes. En hojas antiguas, haz verde oscuro, envés plateado</color_primavera>
    <color_otonio>Ocre</color_otonio>
    <resistencia>Heladas fuertes (hasta -15ºC)</resistencia>
  </quercus_ilex>

</arboles>
