<?xml version="1.0" encoding="UTF-8"?>
<cartelera>


<pelicula>
	<titulo_espanol>AQUELLAS JUERGAS UNIVERSITARIA</titulo_espanol>
	<titulo_original>’Old School’</titulo_original>
	<pais>EE UU</pais>
	<anio>2003</anio>
	<duracion unidad="minutos">93min</duracion>
	<director>Todd Phillips</director>
	<reparto>
<interprete>Will Ferrell</interprete>
<interprete>Luke Wilson</interprete>
<interprete>Vince Vaughn</interprete>
<interprete>Vince Vaughn</interprete>
<interprete>Jeremy Piven</interprete>
<interprete>Juliette Lewis</interprete>
<interprete>Sean William Scott</interprete>

	</reparto>
	
	<sinopsis>Mitch, Frank y Beanie son tres amigos treintañeros cuyas vidas no son exactamente lo que
esperaban. Mitch tiene una novia ninfómana que se mete en la cama con el primero
que agarra. Frank se ha casado y su matrimonio nada tiene que ver con
las juergas salvajes que organizaban años atrás. Y Beanie es un padre de familia que se
muere por recuperar su alocada juventud. Pero las cosas cambian cuando Beanie sugiere
que creen su propia fraternidad, en la nueva casa que Mitch tiene junto al campus de la
universidad. Una ocasión para revivir tiempos gloriosos, hacer nuevos amigos y de volver
a sus viejas, salvajes y desmadradas juergas de estudiantes.
	</sinopsis>
	<web>http://www.oldschool-themovie.com</web>
	<clasificacion edad="16"/>
	<cartel fichero="cartel_oldschool.png"/>
	

</pelicula>

<pelicula>
	<titulo_espanol>OTRA PELICULA </titulo_espanol>
	<titulo_original>’HIGH School’</titulo_original>
	<pais>EE UU</pais>
	<anio>2003</anio>
	<duracion unidad="minutos">93</duracion>
	<director>Todd Phillips</director>
	<reparto>
<interprete>Will Ferrell</interprete>
<interprete>Luke Wilson</interprete>
<interprete>Vince Vaughn</interprete>
<interprete>Vince Vaughn</interprete>
<interprete>Jeremy Piven</interprete>
<interprete>Juliette Lewis</interprete>
<interprete>Sean William Scott</interprete>

	</reparto>
	
	<sinopsis>Mitch, Frank y Beanie son tres amigos treintañeros cuyas vidas no son exactamente lo que
esperaban. Mitch tiene una novia ninfómana que se mete en la cama con el primero
que agarra. Frank se ha casado y su matrimonio nada tiene que ver con
las juergas salvajes que organizaban años atrás. Y Beanie es un padre de familia que se
muere por recuperar su alocada juventud. Pero las cosas cambian cuando Beanie sugiere
que creen su propia fraternidad, en la nueva casa que Mitch tiene junto al campus de la
universidad. Una ocasión para revivir tiempos gloriosos, hacer nuevos amigos y de volver
a sus viejas, salvajes y desmadradas juergas de estudiantes.
	</sinopsis>
	<web>http://www.oldschool-themovie.com</web>
	<clasificacion edad=""/>
	<cartel fichero="cartel_oldschool.png"/>
	

</pelicula>


</cartelera>
