<?xml version="1.0" encoding="UTF-8"?>
<?xml-stylesheet type="text/xsl" href="transf7.xsl"?>

<tienda url="http://www.uco.es/servicios/tienda/">
    <nombre>La tiendecilla</nombre>
    <telefono>953 87 12 23</telefono>
    <producto>
        <codigo>92</codigo>
        <cantidad>10</cantidad>
        <precio>10</precio>
        <articulo>Radio-Casette</articulo>
        <imagen>img/radio.jpg</imagen>
    </producto>
    <producto>
        <codigo>101</codigo>
        <cantidad>3</cantidad>
        <precio>1001</precio>
        <articulo>Sofá</articulo>
        <imagen>img/sofa.jpg</imagen>
    </producto>
    <producto>
        <codigo>103</codigo>
        <cantidad>50</cantidad>
        <precio>50</precio>
        <articulo>Reloj Cocina</articulo>
        <imagen>img/reloj.jpg</imagen>
    </producto>
    <producto>
        <codigo>104</codigo>
        <cantidad>10</cantidad>
        <precio>100</precio>
        <articulo>CARACOLES</articulo>
        <imagen>img/caracol.PNG</imagen>
    </producto>
    <producto>
        <codigo>105</codigo>
        <cantidad>1</cantidad>
        <precio>350</precio>
        <articulo>LIBRO</articulo>
        <imagen>img/11-Libro.png</imagen>
    </producto>
</tienda>